,u,v
0,0,113
1,0,14
2,1,2
3,1,30
4,2,1
5,2,3
6,3,2
7,3,4
8,4,8
9,4,3
10,4,692
11,4,691
12,5,8
13,5,614
14,5,613
15,5,6
16,6,5
17,6,614
18,6,7
19,7,628
20,7,6
21,7,15
22,8,612
23,8,692
24,8,4
25,8,5
26,9,10
27,9,15
28,10,9
29,10,11
30,10,518
31,11,10
32,11,12
33,11,206
34,12,11
35,12,204
36,12,13
37,13,144
38,13,12
39,13,14
40,13,143
41,14,0
42,14,106
43,14,13
44,14,48
45,14,123
46,15,9
47,15,7
48,16,17
49,16,341
50,17,16
51,17,18
52,17,371
53,17,370
54,18,36
55,18,37
56,18,17
57,18,370
58,18,794
59,19,77
60,19,76
61,19,21
62,19,22
63,20,560
64,20,66
65,20,23
66,21,19
67,21,71
68,21,23
69,22,83
70,22,19
71,22,28
72,23,20
73,23,21
74,24,136
75,24,25
76,24,28
77,25,24
78,25,26
79,25,159
80,26,25
81,26,27
82,27,56
83,27,26
84,27,60
85,27,343
86,28,135
87,28,117
88,28,118
89,28,22
90,28,24
91,29,852
92,29,30
93,30,1
94,30,828
95,30,29
96,30,31
97,31,32
98,31,30
99,32,33
100,32,98
101,32,688
102,32,689
103,32,31
104,33,32
105,33,34
106,33,618
107,34,61
108,34,33
109,34,35
110,34,517
111,35,34
112,35,36
113,35,69
114,35,73
115,35,796
116,36,18
117,36,35
118,36,37
119,36,446
120,37,36
121,37,38
122,37,74
123,37,18
124,37,371
125,38,435
126,38,68
127,38,37
128,38,39
129,39,38
130,39,40
131,39,107
132,39,371
133,39,87
134,39,89
135,39,379
136,39,124
137,40,304
138,40,50
139,40,39
140,41,50
141,41,42
142,42,41
143,42,43
144,42,165
145,43,161
146,43,42
147,43,147
148,43,44
149,44,43
150,44,45
151,45,44
152,45,46
153,46,99
154,46,45
155,46,47
156,47,48
157,47,113
158,47,46
159,48,49
160,48,14
161,48,102
162,48,47
163,49,48
164,50,40
165,50,41
166,51,257
167,51,84
168,51,54
169,51,55
170,52,740
171,52,53
172,53,514
173,53,52
174,53,54
175,54,51
176,54,53
177,54,70
178,54,71
179,55,59
180,55,51
181,56,137
182,56,470
183,56,58
184,56,27
185,56,60
186,56,159
187,57,115
188,57,59
189,57,60
190,57,317
191,58,56
192,58,158
193,59,104
194,59,114
195,59,115
196,59,55
197,59,57
198,60,56
199,60,57
200,60,27
201,61,34
202,61,69
203,61,62
204,62,61
205,62,63
206,63,688
207,63,62
208,64,65
209,65,64
210,65,67
211,66,67
212,66,20
213,67,65
214,67,66
215,68,796
216,68,69
217,68,38
218,69,96
219,69,35
220,69,68
221,69,91
222,69,61
223,70,54
224,71,21
225,71,54
226,72,73
227,72,74
228,73,72
229,73,89
230,73,35
231,73,853
232,74,72
233,74,37
234,75,121
235,75,122
236,75,451
237,75,77
238,76,19
239,77,75
240,77,19
241,78,85
242,78,79
243,79,80
244,79,78
245,80,81
246,80,79
247,81,80
248,81,82
249,82,132
250,82,81
251,82,85
252,82,151
253,82,92
254,83,84
255,83,22
256,84,51
257,84,83
258,85,198
259,85,203
260,85,78
261,85,82
262,85,86
263,86,100
264,86,85
265,87,100
266,87,340
267,87,262
268,87,39
269,88,97
270,88,98
271,89,515
272,89,39
273,89,73
274,89,884
275,89,885
276,89,90
277,90,89
278,90,91
279,90,886
280,91,90
281,91,619
282,91,69
283,91,95
284,92,82
285,92,99
286,93,852
287,93,94
288,94,98
289,94,93
290,95,96
291,95,91
292,96,97
293,96,69
294,96,686
295,96,687
296,96,95
297,97,96
298,97,88
299,98,88
300,98,32
301,98,94
302,99,46
303,99,114
304,99,92
305,99,102
306,100,86
307,100,87
308,101,102
309,101,103
310,102,48
311,102,105
312,102,99
313,102,101
314,103,101
315,104,105
316,104,59
317,105,104
318,105,257
319,105,102
320,105,256
321,106,14
322,107,294
323,107,39
324,107,108
325,107,305
326,107,436
327,107,340
328,107,149
329,108,107
330,108,109
331,109,771
332,109,108
333,109,110
334,109,767
335,110,262
336,110,109
337,110,126
338,110,111
339,111,232
340,111,169
341,111,171
342,111,110
343,111,126
344,111,127
345,112,122
346,112,715
347,113,0
348,113,47
349,114,256
350,114,59
351,114,258
352,114,99
353,115,57
354,115,59
355,115,116
356,116,136
357,116,115
358,116,117
359,117,116
360,117,28
361,118,28
362,118,119
363,119,120
364,119,118
365,120,121
366,120,119
367,121,120
368,121,122
369,121,75
370,122,551
371,122,135
372,122,75
373,122,558
374,122,112
375,122,121
376,123,14
377,124,125
378,124,39
379,125,294
380,125,124
381,125,126
382,125,295
383,126,293
384,126,171
385,126,110
386,126,111
387,126,125
388,127,128
389,127,225
390,127,169
391,127,111
392,127,756
393,128,129
394,128,225
395,128,166
396,128,188
397,128,127
398,129,128
399,129,130
400,129,188
401,129,166
402,130,129
403,130,167
404,130,151
405,130,152
406,130,222
407,131,318
408,131,314
409,131,141
410,131,134
411,132,82
412,132,147
413,132,133
414,132,142
415,133,132
416,133,134
417,134,131
418,134,133
419,135,122
420,135,715
421,135,28
422,135,503
423,136,24
424,136,116
425,137,56
426,137,138
427,137,343
428,138,344
429,138,137
430,138,139
431,139,138
432,139,140
433,140,139
434,140,141
435,141,131
436,141,140
437,142,147
438,142,132
439,143,147
440,143,13
441,144,145
442,144,201
443,144,13
444,145,144
445,145,146
446,146,145
447,147,43
448,147,132
449,147,142
450,147,143
451,148,164
452,148,149
453,148,150
454,149,769
455,149,197
456,149,107
457,149,148
458,149,184
459,149,185
460,150,177
461,150,148
462,151,82
463,151,130
464,152,160
465,152,130
466,152,747
467,153,160
468,153,874
469,153,749
470,153,750
471,153,154
472,153,220
473,154,194
474,154,313
475,154,153
476,154,218
477,154,155
478,155,345
479,155,154
480,155,156
481,156,400
482,156,194
483,156,155
484,156,157
485,157,752
486,157,156
487,157,158
488,158,58
489,158,157
490,159,56
491,159,25
492,160,152
493,160,153
494,161,162
495,161,43
496,162,161
497,163,178
498,163,164
499,164,436
500,164,163
501,164,148
502,164,189
503,165,224
504,165,42
505,166,128
506,166,129
507,166,167
508,167,225
509,167,130
510,167,166
511,167,168
512,167,253
513,167,222
514,168,169
515,168,167
516,169,168
517,169,233
518,169,170
519,169,111
520,169,127
521,170,169
522,170,171
523,171,292
524,171,261
525,171,293
526,171,170
527,171,172
528,171,111
529,171,305
530,171,126
531,172,171
532,172,174
533,173,547
534,173,453
535,173,622
536,173,187
537,173,445
538,174,185
539,174,172
540,174,293
541,174,769
542,175,176
543,175,186
544,175,191
545,176,177
546,176,175
547,177,515
548,177,176
549,177,178
550,177,150
551,177,446
552,178,177
553,178,163
554,178,179
555,178,190
556,179,178
557,179,180
558,179,189
559,179,190
560,180,179
561,180,181
562,180,247
563,181,180
564,181,182
565,181,246
566,181,378
567,181,284
568,182,775
569,182,181
570,182,183
571,182,379
572,182,189
573,183,184
574,183,182
575,183,375
576,184,149
577,184,183
578,185,196
579,185,197
580,185,292
581,185,174
582,185,305
583,185,306
584,185,149
585,186,187
586,186,453
587,186,175
588,187,186
589,187,173
590,188,128
591,188,129
592,188,216
593,189,179
594,189,164
595,189,182
596,190,442
597,190,178
598,190,179
599,190,191
600,191,190
601,191,175
602,192,193
603,192,551
604,193,192
605,193,195
606,193,472
607,194,195
608,194,752
609,194,372
610,194,215
611,194,154
612,194,156
613,194,254
614,194,223
615,195,193
616,195,194
617,195,215
618,196,227
619,196,249
620,196,230
621,196,261
622,196,234
623,196,235
624,196,268
625,196,185
626,197,369
627,197,306
628,197,149
629,197,854
630,197,185
631,198,85
632,198,199
633,199,200
634,199,198
635,200,205
636,200,199
637,201,144
638,201,204
639,202,208
640,202,855
641,203,224
642,203,857
643,203,85
644,204,201
645,204,12
646,205,200
647,205,206
648,206,11
649,206,205
650,207,550
651,207,278
652,207,214
653,207,215
654,208,209
655,208,202
656,209,736
657,209,715
658,209,208
659,209,210
660,209,725
661,210,209
662,210,211
663,211,210
664,211,643
665,211,212
666,211,717
667,212,211
668,212,213
669,213,576
670,213,212
671,213,214
672,213,505
673,213,506
674,213,764
675,213,573
676,214,213
677,214,207
678,215,473
679,215,194
680,215,195
681,215,207
682,216,224
683,216,188
684,217,218
685,217,223
686,218,321
687,218,217
688,218,154
689,218,219
690,219,218
691,219,235
692,219,220
693,220,153
694,220,219
695,220,221
696,220,235
697,221,220
698,221,222
699,222,130
700,222,747
701,222,221
702,222,167
703,223,352
704,223,217
705,223,194
706,224,216
707,224,203
708,224,165
709,225,128
710,225,226
711,225,127
712,225,167
713,226,225
714,226,228
715,227,196
716,227,228
717,228,226
718,228,227
719,229,856
720,229,290
721,229,291
722,229,230
723,230,306
724,230,196
725,230,229
726,230,270
727,231,240
728,231,239
729,231,623
730,232,768
731,232,767
732,232,111
733,233,169
734,233,234
735,234,233
736,234,250
737,234,235
738,234,196
739,235,322
740,235,196
741,235,234
742,235,270
743,235,219
744,235,220
745,236,241
746,236,237
747,237,236
748,237,238
749,238,244
750,238,237
751,239,242
752,239,333
753,239,335
754,239,231
755,240,244
756,240,231
757,241,299
758,241,236
759,241,245
760,242,243
761,242,572
762,242,239
763,243,242
764,243,579
765,243,578
766,243,610
767,244,453
768,244,238
769,244,240
770,244,532
771,244,444
772,244,445
773,245,241
774,245,251
775,246,248
776,246,181
777,246,878
778,247,251
779,247,180
780,248,252
781,248,375
782,248,246
783,248,287
784,249,289
785,249,290
786,249,196
787,249,270
788,249,369
789,249,252
790,250,234
791,250,253
792,251,284
793,251,245
794,251,247
795,252,248
796,252,249
797,253,250
798,253,167
799,254,264
800,254,194
801,254,255
802,255,280
803,255,254
804,256,105
805,256,114
806,257,105
807,257,746
808,257,51
809,258,114
810,258,259
811,259,258
812,259,260
813,260,259
814,260,316
815,261,171
816,261,196
817,261,292
818,261,759
819,262,110
820,262,87
821,263,736
822,263,269
823,263,725
824,263,735
825,264,281
826,264,402
827,264,276
828,264,254
829,265,277
830,265,278
831,266,267
832,266,283
833,267,576
834,267,266
835,267,554
836,267,277
837,267,575
838,268,196
839,268,270
840,269,736
841,269,263
842,269,717
843,269,718
844,269,282
845,270,289
846,270,230
847,270,235
848,270,268
849,270,271
850,270,249
851,271,272
852,271,270
853,272,273
854,272,271
855,273,272
856,273,274
857,274,273
858,274,275
859,275,372
860,275,274
861,275,276
862,275,373
863,276,264
864,276,275
865,276,357
866,277,265
867,277,267
868,278,265
869,278,207
870,278,280
871,278,506
872,278,507
873,279,282
874,279,283
875,279,765
876,280,281
877,280,278
878,280,255
879,281,264
880,281,280
881,282,269
882,282,279
883,283,266
884,283,764
885,283,774
886,283,279
887,284,251
888,284,285
889,284,181
890,285,419
891,285,284
892,285,286
893,286,285
894,286,287
895,287,288
896,287,297
897,287,286
898,287,248
899,288,289
900,288,323
901,288,324
902,288,297
903,288,287
904,289,288
905,289,249
906,289,270
907,290,249
908,290,229
909,291,292
910,291,229
911,292,185
912,292,261
913,292,291
914,292,171
915,293,126
916,293,171
917,293,174
918,293,294
919,294,107
920,294,770
921,294,293
922,294,125
923,295,296
924,295,125
925,296,295
926,297,288
927,297,329
928,297,300
929,297,287
930,298,299
931,298,301
932,299,241
933,299,298
934,300,329
935,300,297
936,300,378
937,300,302
938,301,298
939,301,303
940,302,300
941,302,303
942,303,419
943,303,422
944,303,301
945,303,302
946,304,40
947,304,305
948,305,304
949,305,185
950,305,107
951,305,171
952,306,185
953,306,197
954,306,230
955,307,315
956,307,308
957,307,836
958,308,307
959,308,309
960,308,679
961,309,308
962,309,310
963,310,681
964,310,698
965,310,309
966,310,311
967,311,312
968,311,843
969,311,310
970,312,858
971,312,311
972,313,154
973,313,318
974,314,338
975,314,131
976,315,833
977,315,307
978,315,319
979,316,338
980,316,260
981,316,317
982,317,57
983,317,316
984,318,313
985,318,131
986,319,833
987,319,315
988,319,325
989,320,331
990,320,325
991,321,218
992,321,322
993,322,321
994,322,323
995,322,235
996,323,288
997,323,322
998,324,288
999,324,329
1000,324,367
1001,324,368
1002,324,406
1003,324,348
1004,325,320
1005,325,610
1006,325,319
1007,326,329
1008,326,397
1009,326,327
1010,327,328
1011,327,326
1012,327,798
1013,328,778
1014,328,420
1015,328,334
1016,328,327
1017,329,324
1018,329,326
1019,329,297
1020,329,777
1021,329,300
1022,329,397
1023,329,780
1024,329,377
1025,330,339
1026,330,334
1027,331,320
1028,331,332
1029,332,331
1030,332,333
1031,332,390
1032,332,391
1033,333,332
1034,333,239
1035,334,328
1036,334,330
1037,335,336
1038,335,532
1039,335,392
1040,335,239
1041,336,337
1042,336,335
1043,337,336
1044,337,339
1045,338,314
1046,338,316
1047,339,337
1048,339,330
1049,339,501
1050,340,371
1051,340,107
1052,340,341
1053,340,87
1054,341,16
1055,341,340
1056,341,766
1057,342,344
1058,342,345
1059,342,401
1060,343,137
1061,343,27
1062,344,138
1063,344,342
1064,345,155
1065,345,342
1066,346,349
1067,346,350
1068,347,348
1069,348,347
1070,348,324
1071,348,349
1072,348,374
1073,349,346
1074,349,348
1075,350,355
1076,350,358
1077,350,365
1078,350,402
1079,350,346
1080,351,353
1081,351,414
1082,352,357
1083,352,223
1084,353,354
1085,353,351
1086,354,353
1087,354,355
1088,354,880
1089,354,403
1090,354,404
1091,355,354
1092,355,365
1093,355,367
1094,355,376
1095,355,350
1096,356,357
1097,356,358
1098,357,352
1099,357,356
1100,357,276
1101,358,356
1102,358,350
1103,359,881
1104,359,362
1105,359,363
1106,360,361
1107,360,366
1108,361,360
1109,361,536
1110,361,362
1111,361,577
1112,362,361
1113,362,763
1114,362,359
1115,363,772
1116,363,773
1117,363,359
1118,363,364
1119,363,477
1120,363,414
1121,364,363
1122,364,365
1123,364,414
1124,365,355
1125,365,364
1126,365,402
1127,365,403
1128,365,476
1129,365,509
1130,365,350
1131,366,360
1132,366,774
1133,366,782
1134,367,355
1135,367,324
1136,368,369
1137,368,324
1138,369,368
1139,369,249
1140,369,197
1141,370,17
1142,370,18
1143,371,37
1144,371,39
1145,371,876
1146,371,17
1147,371,340
1148,372,194
1149,372,275
1150,373,275
1151,373,374
1152,374,348
1153,374,373
1154,375,248
1155,375,183
1156,376,377
1157,376,355
1158,377,376
1159,377,329
1160,378,300
1161,378,181
1162,379,182
1163,379,39
1164,380,384
1165,380,399
1166,381,464
1167,381,465
1168,381,382
1169,381,399
1170,382,381
1171,382,383
1172,383,466
1173,383,382
1174,384,385
1175,384,699
1176,384,380
1177,385,384
1178,385,386
1179,385,709
1180,386,385
1181,386,387
1182,386,709
1183,387,386
1184,387,388
1185,387,834
1186,388,496
1187,388,610
1188,388,387
1189,388,389
1190,389,396
1191,389,388
1192,390,396
1193,390,332
1194,391,392
1195,391,332
1196,392,393
1197,392,335
1198,392,391
1199,393,392
1200,393,394
1201,393,438
1202,394,393
1203,394,395
1204,395,394
1205,395,398
1206,396,579
1207,396,389
1208,396,390
1209,397,326
1210,397,329
1211,397,398
1212,397,405
1213,397,799
1214,398,395
1215,398,397
1216,398,498
1217,398,499
1218,398,437
1219,399,845
1220,399,380
1221,399,381
1222,400,401
1223,400,156
1224,401,400
1225,401,342
1226,402,264
1227,402,492
1228,402,365
1229,402,350
1230,403,354
1231,403,365
1232,404,354
1233,404,405
1234,405,408
1235,405,404
1236,405,397
1237,405,414
1238,406,324
1239,406,407
1240,407,408
1241,407,406
1242,408,411
1243,408,780
1244,408,405
1245,408,407
1246,409,415
1247,409,410
1248,409,485
1249,409,439
1250,410,499
1251,410,500
1252,410,409
1253,410,413
1254,410,414
1255,410,415
1256,411,408
1257,411,412
1258,412,800
1259,412,411
1260,412,413
1261,413,410
1262,413,412
1263,414,363
1264,414,364
1265,414,434
1266,414,405
1267,414,410
1268,414,478
1269,414,351
1270,415,409
1271,415,410
1272,416,424
1273,416,784
1274,416,478
1275,416,432
1276,417,418
1277,417,668
1278,418,417
1279,418,433
1280,419,285
1281,419,303
1282,420,328
1283,420,421
1284,421,420
1285,421,422
1286,422,421
1287,422,303
1288,423,528
1289,423,433
1290,423,529
1291,423,431
1292,424,416
1293,424,512
1294,424,577
1295,424,425
1296,424,536
1297,424,537
1298,424,541
1299,425,424
1300,425,426
1301,425,781
1302,426,425
1303,426,427
1304,426,513
1305,426,583
1306,427,624
1307,427,426
1308,427,787
1309,427,428
1310,428,627
1311,428,427
1312,428,429
1313,429,428
1314,429,430
1315,430,652
1316,430,429
1317,430,431
1318,430,529
1319,430,510
1320,431,430
1321,431,423
1322,432,416
1323,432,480
1324,432,434
1325,432,479
1326,433,418
1327,433,650
1328,433,423
1329,434,432
1330,434,414
1331,435,436
1332,435,877
1333,435,38
1334,436,107
1335,436,164
1336,436,435
1337,437,441
1338,437,398
1339,438,439
1340,438,393
1341,438,487
1342,439,440
1343,439,409
1344,439,485
1345,439,438
1346,440,441
1347,440,801
1348,440,439
1349,441,440
1350,441,437
1351,442,443
1352,442,190
1353,443,442
1354,443,444
1355,444,443
1356,444,244
1357,445,244
1358,445,532
1359,445,622
1360,445,173
1361,446,177
1362,446,36
1363,447,448
1364,447,452
1365,448,569
1366,448,570
1367,448,447
1368,449,450
1369,449,452
1370,450,449
1371,450,451
1372,451,450
1373,451,75
1374,451,564
1375,451,558
1376,452,449
1377,452,447
1378,453,520
1379,453,173
1380,453,244
1381,453,186
1382,453,863
1383,454,655
1384,454,865
1385,454,467
1386,454,455
1387,455,457
1388,455,699
1389,455,454
1390,455,563
1391,456,466
1392,456,557
1393,457,458
1394,457,563
1395,457,565
1396,457,455
1397,458,457
1398,458,459
1399,459,458
1400,459,460
1401,459,556
1402,459,849
1403,459,565
1404,460,459
1405,460,461
1406,461,464
1407,461,460
1408,462,466
1409,462,850
1410,462,463
1411,463,465
1412,463,556
1413,463,462
1414,464,381
1415,464,461
1416,465,381
1417,465,463
1418,466,456
1419,466,462
1420,466,383
1421,467,491
1422,467,454
1423,468,497
1424,468,490
1425,468,566
1426,468,561
1427,469,490
1428,469,491
1429,469,838
1430,470,56
1431,470,471
1432,471,472
1433,471,470
1434,472,193
1435,472,471
1436,473,474
1437,473,215
1438,474,473
1439,474,475
1440,475,474
1441,475,492
1442,476,492
1443,476,365
1444,477,363
1445,477,478
1446,478,416
1447,478,577
1448,478,555
1449,478,785
1450,478,477
1451,478,414
1452,478,479
1453,479,432
1454,479,478
1455,480,432
1456,480,481
1457,481,480
1458,481,482
1459,482,481
1460,482,493
1461,483,537
1462,483,484
1463,483,493
1464,483,485
1465,484,483
1466,484,485
1467,485,483
1468,485,484
1469,485,486
1470,485,534
1471,485,439
1472,485,409
1473,486,538
1474,486,485
1475,486,487
1476,487,488
1477,487,814
1478,487,438
1479,487,486
1480,488,489
1481,488,539
1482,488,487
1483,489,488
1484,489,496
1485,489,540
1486,490,468
1487,490,469
1488,491,467
1489,491,469
1490,492,402
1491,492,475
1492,492,476
1493,492,509
1494,493,482
1495,493,483
1496,494,609
1497,494,838
1498,494,815
1499,494,495
1500,494,497
1501,495,496
1502,495,838
1503,495,494
1504,496,489
1505,496,388
1506,496,495
1507,497,822
1508,497,468
1509,497,494
1510,498,501
1511,498,398
1512,499,801
1513,499,410
1514,499,398
1515,500,410
1516,500,859
1517,501,498
1518,501,339
1519,502,507
1520,502,508
1521,503,504
1522,503,135
1523,504,505
1524,504,755
1525,504,753
1526,504,503
1527,505,504
1528,505,640
1529,505,643
1530,505,213
1531,506,552
1532,506,553
1533,506,213
1534,506,278
1535,507,278
1536,507,502
1537,508,509
1538,508,502
1539,509,772
1540,509,492
1541,509,508
1542,509,365
1543,510,529
1544,510,627
1545,510,430
1546,510,511
1547,511,513
1548,511,583
1549,511,585
1550,511,812
1551,511,510
1552,512,424
1553,512,513
1554,512,523
1555,513,512
1556,513,426
1557,513,535
1558,513,511
1559,514,53
1560,515,520
1561,515,89
1562,515,177
1563,515,886
1564,516,521
1565,516,870
1566,516,718
1567,516,519
1568,517,34
1569,517,829
1570,517,518
1571,518,10
1572,518,517
1573,519,668
1574,519,674
1575,519,516
1576,519,525
1577,520,515
1578,520,453
1579,521,522
1580,521,516
1581,522,521
1582,522,726
1583,523,512
1584,523,524
1585,523,817
1586,523,534
1587,523,567
1588,524,523
1589,524,535
1590,525,648
1591,525,526
1592,525,519
1593,526,525
1594,526,527
1595,527,528
1596,527,526
1597,527,631
1598,528,423
1599,528,527
1600,529,531
1601,529,430
1602,529,510
1603,529,423
1604,530,531
1605,530,533
1606,530,567
1607,531,529
1608,531,530
1609,531,580
1610,531,581
1611,532,244
1612,532,445
1613,532,335
1614,533,530
1615,533,535
1616,534,545
1617,534,523
1618,534,485
1619,534,542
1620,535,513
1621,535,524
1622,535,533
1623,536,424
1624,536,361
1625,537,424
1626,537,483
1627,538,806
1628,538,539
1629,538,486
1630,539,488
1631,539,538
1632,540,489
1633,540,543
1634,541,544
1635,541,424
1636,542,534
1637,542,543
1638,543,808
1639,543,540
1640,543,542
1641,543,815
1642,544,545
1643,544,541
1644,545,544
1645,545,810
1646,545,534
1647,546,547
1648,546,548
1649,547,546
1650,547,173
1651,548,546
1652,548,620
1653,548,621
1654,549,552
1655,549,550
1656,550,207
1657,550,549
1658,550,551
1659,551,192
1660,551,122
1661,551,573
1662,551,550
1663,552,506
1664,552,549
1665,553,506
1666,553,554
1667,554,267
1668,554,553
1669,554,555
1670,554,772
1671,555,554
1672,555,772
1673,555,478
1674,556,459
1675,556,557
1676,556,463
1677,557,456
1678,557,571
1679,557,556
1680,558,122
1681,558,451
1682,559,860
1683,560,570
1684,560,20
1685,560,564
1686,561,562
1687,561,468
1688,562,561
1689,562,563
1690,563,455
1691,563,457
1692,563,683
1693,563,588
1694,563,562
1695,564,560
1696,564,451
1697,565,457
1698,565,459
1699,566,840
1700,566,468
1701,566,567
1702,567,609
1703,567,523
1704,567,590
1705,567,530
1706,567,566
1707,568,571
1708,568,861
1709,569,448
1710,570,448
1711,570,560
1712,571,568
1713,571,557
1714,572,242
1715,572,611
1716,572,623
1717,573,213
1718,573,551
1719,574,577
1720,574,575
1721,575,267
1722,575,574
1723,576,761
1724,576,267
1725,576,213
1726,577,424
1727,577,361
1728,577,478
1729,577,574
1730,578,611
1731,578,610
1732,578,243
1733,579,243
1734,579,396
1735,580,531
1736,580,582
1737,581,585
1738,581,531
1739,582,584
1740,582,580
1741,583,426
1742,583,511
1743,584,589
1744,584,582
1745,585,581
1746,585,511
1747,586,840
1748,586,587
1749,586,589
1750,586,590
1751,586,597
1752,587,586
1753,587,588
1754,588,563
1755,588,587
1756,589,584
1757,589,633
1758,589,586
1759,590,586
1760,590,567
1761,591,592
1762,591,599
1763,592,593
1764,592,591
1765,593,592
1766,593,594
1767,594,593
1768,594,634
1769,594,598
1770,595,596
1771,595,598
1772,596,646
1773,596,595
1774,596,597
1775,596,645
1776,597,586
1777,597,596
1778,598,672
1779,598,594
1780,598,595
1781,598,669
1782,599,600
1783,599,591
1784,600,601
1785,600,678
1786,600,599
1787,601,600
1788,601,602
1789,602,601
1790,602,603
1791,603,602
1792,603,604
1793,604,603
1794,604,605
1795,604,677
1796,605,604
1797,605,606
1798,606,727
1799,606,605
1800,606,607
1801,607,608
1802,607,606
1803,608,617
1804,608,607
1805,609,839
1806,609,494
1807,609,567
1808,610,578
1809,610,243
1810,610,388
1811,610,325
1812,611,578
1813,611,572
1814,612,8
1815,612,613
1816,613,612
1817,613,5
1818,614,628
1819,614,5
1820,614,6
1821,614,615
1822,615,616
1823,615,825
1824,615,630
1825,615,614
1826,616,618
1827,616,615
1828,617,608
1829,617,862
1830,618,616
1831,618,33
1832,618,828
1833,619,91
1834,619,620
1835,620,619
1836,620,548
1837,621,548
1838,621,863
1839,622,623
1840,622,173
1841,622,445
1842,623,572
1843,623,622
1844,623,231
1845,624,625
1846,624,427
1847,625,624
1848,625,626
1849,626,625
1850,627,428
1851,627,510
1852,628,824
1853,628,614
1854,628,630
1855,628,7
1856,629,864
1857,629,630
1858,630,628
1859,630,629
1860,630,615
1861,631,632
1862,631,648
1863,631,527
1864,632,633
1865,632,631
1866,633,632
1867,633,648
1868,633,589
1869,634,594
1870,634,635
1871,635,672
1872,635,634
1873,635,700
1874,635,671
1875,636,649
1876,636,637
1877,637,644
1878,637,636
1879,638,645
1880,638,639
1881,639,683
1882,639,638
1883,640,505
1884,640,754
1885,641,642
1886,641,643
1887,642,641
1888,642,649
1889,643,505
1890,643,641
1891,643,211
1892,643,753
1893,644,637
1894,644,654
1895,645,596
1896,645,638
1897,646,596
1898,646,647
1899,647,648
1900,647,674
1901,647,646
1902,647,823
1903,648,633
1904,648,631
1905,648,525
1906,648,647
1907,649,642
1908,649,636
1909,650,433
1910,650,651
1911,651,650
1912,651,652
1913,651,791
1914,652,651
1915,652,653
1916,652,430
1917,653,792
1918,653,652
1919,653,654
1920,654,786
1921,654,644
1922,654,653
1923,655,656
1924,655,454
1925,656,655
1926,657,673
1927,657,666
1928,658,659
1929,658,670
1930,659,658
1931,659,660
1932,660,659
1933,660,661
1934,661,660
1935,661,662
1936,662,719
1937,662,661
1938,662,663
1939,663,664
1940,663,662
1941,664,665
1942,664,663
1943,665,664
1944,665,671
1945,666,657
1946,666,669
1947,667,668
1948,668,417
1949,668,667
1950,668,519
1951,669,666
1952,669,598
1953,670,658
1954,670,866
1955,671,665
1956,671,635
1957,671,701
1958,672,635
1959,672,598
1960,673,657
1961,673,674
1962,674,647
1963,674,673
1964,674,519
1965,675,696
1966,675,708
1967,675,676
1968,675,678
1969,676,675
1970,676,677
1971,677,676
1972,677,604
1973,678,600
1974,678,675
1975,679,308
1976,679,693
1977,679,702
1978,680,681
1979,680,684
1980,681,680
1981,681,843
1982,681,310
1983,682,685
1984,682,703
1985,683,563
1986,683,700
1987,683,639
1988,684,680
1989,684,892
1990,684,686
1991,685,704
1992,685,682
1993,685,734
1994,686,96
1995,686,858
1996,686,684
1997,687,96
1998,687,688
1999,688,32
2000,688,687
2001,688,829
2002,688,63
2003,689,32
2004,689,690
2005,690,689
2006,690,691
2007,691,690
2008,691,827
2009,691,4
2010,691,826
2011,692,8
2012,692,4
2013,693,698
2014,693,837
2015,693,679
2016,694,705
2017,694,867
2018,695,696
2019,695,703
2020,696,675
2021,696,695
2022,697,836
2023,697,709
2024,697,702
2025,698,693
2026,698,310
2027,699,384
2028,699,838
2029,699,455
2030,699,714
2031,699,844
2032,700,635
2033,700,683
2034,701,706
2035,701,671
2036,702,697
2037,702,835
2038,702,679
2039,703,682
2040,703,711
2041,703,695
2042,704,705
2043,704,685
2044,705,704
2045,705,694
2046,706,707
2047,706,701
2048,707,706
2049,707,708
2050,708,720
2051,708,707
2052,708,675
2053,709,697
2054,709,385
2055,709,386
2056,710,713
2057,710,868
2058,711,712
2059,711,703
2060,712,728
2061,712,713
2062,712,711
2063,713,712
2064,713,710
2065,714,699
2066,714,869
2067,715,739
2068,715,135
2069,715,716
2070,715,112
2071,715,209
2072,716,715
2073,716,717
2074,717,211
2075,717,716
2076,717,269
2077,718,788
2078,718,516
2079,718,269
2080,719,720
2081,719,662
2082,720,708
2083,720,719
2084,721,722
2085,721,725
2086,722,721
2087,722,723
2088,723,722
2089,723,724
2090,724,723
2091,724,726
2092,725,721
2093,725,209
2094,725,741
2095,725,263
2096,726,522
2097,726,724
2098,726,727
2099,727,606
2100,727,726
2101,728,712
2102,728,730
2103,729,730
2104,729,868
2105,730,728
2106,730,729
2107,731,732
2108,732,731
2109,732,733
2110,733,732
2111,733,734
2112,734,733
2113,734,685
2114,735,737
2115,735,263
2116,736,209
2117,736,269
2118,736,263
2119,737,871
2120,737,735
2121,738,739
2122,738,740
2123,739,738
2124,739,715
2125,740,738
2126,740,52
2127,741,725
2128,741,742
2129,742,741
2130,742,743
2131,743,862
2132,743,742
2133,744,745
2134,745,744
2135,745,872
2136,746,257
2137,746,873
2138,747,152
2139,747,748
2140,747,222
2141,748,747
2142,748,749
2143,749,153
2144,749,748
2145,750,153
2146,750,751
2147,751,750
2148,752,194
2149,752,157
2150,753,504
2151,753,643
2152,754,640
2153,754,755
2154,755,504
2155,755,754
2156,756,127
2157,757,758
2158,758,757
2159,758,759
2160,759,261
2161,759,758
2162,760,761
2163,760,762
2164,761,576
2165,761,760
2166,762,760
2167,762,763
2168,763,762
2169,763,362
2170,764,765
2171,764,283
2172,764,213
2173,765,764
2174,765,279
2175,766,341
2176,767,232
2177,767,109
2178,768,232
2179,769,149
2180,769,174
2181,770,294
2182,771,875
2183,771,109
2184,772,363
2185,772,554
2186,772,555
2187,772,509
2188,773,363
2189,774,283
2190,774,366
2191,775,182
2192,776,879
2193,777,329
2194,777,779
2195,778,328
2196,778,779
2197,779,777
2198,779,778
2199,780,408
2200,780,329
2201,781,425
2202,781,782
2203,782,781
2204,782,366
2205,783,784
2206,783,785
2207,784,416
2208,784,783
2209,785,478
2210,785,783
2211,786,787
2212,786,654
2213,787,786
2214,787,427
2215,788,789
2216,788,718
2217,789,788
2218,789,790
2219,790,789
2220,790,791
2221,791,651
2222,791,790
2223,792,882
2224,792,653
2225,793,794
2226,794,793
2227,794,18
2228,794,795
2229,795,794
2230,795,796
2231,796,35
2232,796,795
2233,796,68
2234,797,883
2235,798,799
2236,798,327
2237,799,397
2238,799,798
2239,800,412
2240,801,440
2241,801,499
2242,802,809
2243,803,804
2244,803,805
2245,804,803
2246,804,807
2247,805,803
2248,805,806
2249,806,808
2250,806,538
2251,806,805
2252,807,809
2253,807,804
2254,808,806
2255,808,543
2256,809,802
2257,809,807
2258,810,545
2259,810,811
2260,811,810
2261,812,511
2262,813,885
2263,814,487
2264,814,887
2265,815,816
2266,815,494
2267,815,543
2268,816,817
2269,816,815
2270,817,816
2271,817,818
2272,817,523
2273,817,822
2274,818,817
2275,818,820
2276,819,820
2277,819,821
2278,820,818
2279,820,819
2280,821,888
2281,821,819
2282,822,817
2283,822,497
2284,823,647
2285,824,889
2286,824,628
2287,824,830
2288,825,826
2289,825,831
2290,825,615
2291,826,825
2292,826,691
2293,827,890
2294,827,691
2295,828,618
2296,828,30
2297,829,688
2298,829,517
2299,830,824
2300,831,832
2301,831,825
2302,832,831
2303,833,834
2304,833,315
2305,833,319
2306,834,833
2307,834,387
2308,835,702
2309,836,697
2310,836,307
2311,837,693
2312,838,838
2313,838,839
2314,838,494
2315,838,495
2316,838,469
2317,838,699
2318,839,609
2319,839,838
2320,840,586
2321,840,566
2322,841,842
2323,842,841
2324,842,891
2325,843,681
2326,843,311
2327,844,699
2328,844,845
2329,845,844
2330,845,399
2331,846,847
2332,847,848
2333,847,846
2334,848,849
2335,848,847
2336,849,848
2337,849,459
2338,850,893
2339,850,462
2340,851,894
2341,852,93
2342,852,29
2343,853,73
2344,854,197
2345,855,202
2346,856,229
2347,857,203
2348,858,312
2349,858,686
2350,859,500
2351,860,559
2352,861,568
2353,862,617
2354,862,743
2355,863,453
2356,863,621
2357,864,629
2358,865,454
2359,866,670
2360,867,694
2361,868,729
2362,868,710
2363,869,714
2364,870,516
2365,871,737
2366,872,745
2367,873,746
2368,874,153
2369,875,771
2370,876,371
2371,877,435
2372,878,246
2373,879,776
2374,880,354
2375,881,359
2376,882,792
2377,883,797
2378,884,89
2379,885,89
2380,885,813
2381,886,90
2382,886,515
2383,887,814
2384,888,821
2385,889,824
2386,890,827
2387,891,842
2388,892,684
2389,893,850
2390,894,851
