,location,lat,long
0,"Larne, United Kingdom",54.8508458,-5.8183115999999995
1,"Huelva, Spain",37.2575874,-6.948494500000001
2,"Vila Real de Santo António, Portugal",37.194605200000005,-7.4155628
3,"Faro, Portugal",37.0162727,-7.9351771
4,"Setúbal, Portugal",38.5241783,-8.8932341
5,"Coimbra, Portugal",40.2111931,-8.429463199999999
6,"Aveiro, Portugal",40.640496,-8.6537841
7,"Porto, Portugal",41.1494512,-8.6107884
8,"Lisboa, Portugal",38.707750700000005,-9.1365919
9,"Pontevedra, Spain",42.607517200000004,-8.4714942
10,"La Coruña, Spain",43.3712091,-8.395876800000002
11,"Rosslare, Ireland",52.2735675,-6.3869031
12,"Wexford, Ireland",52.46018745,-6.606515459159162
13,"Dublin, Ireland",53.3497645,-6.2602732
14,"Belfast, United Kingdom",54.5964411,-5.9302760999999995
15,"Valença do Minho, Portugal",42.0270455,-8.642883099999999
16,"Cherbourg, France",49.51271975,-1.5755441090380595
17,"Rennes, France",48.111338700000005,-1.6800198
18,"Nantes, France",47.2186371,-1.5541361999999999
19,"Umeå, Sweden",63.8256568,20.2630745
20,"Tornio, Finland",65.8457589,24.1464
21,"Luleå, Sweden",65.5831187,22.1459535
22,"Sundsvall, Sweden",62.3907552,17.307102399999998
23,"Haparanda, Sweden",65.833333,24.1
24,"Södertälje, Sweden",59.1964289,17.6271663
25,"Norrköping, Sweden",58.59091239999999,16.1903511
26,"Jönköping, Sweden",57.782563399999994,14.165719000000001
27,"Helsingborg, Sweden",56.04419839999999,12.7040684
28,"Stockholm, Sweden",59.3251172,18.0710935
29,"Cádiz, Spain",36.5297438,-6.2928976
30,"Sevilla, Spain",37.388630299999996,-5.9953403
31,"Cordóba, Spain",37.884581299999994,-4.7760138
32,"Madrid, Spain",40.416704700000004,-3.7035824999999996
33,"Burgos, Spain",42.343926,-3.6969769999999995
34,"San Sebastián, Spain",43.322421899999995,-1.9838889
35,"Bordeaux, France",44.841225,-0.5800364
36,"Poitiers, France",46.580259600000005,0.340196
37,"Tours, France",47.3900474,0.6889268
38,"Orléans, France",47.9027336,1.9086066000000002
39,"Paris, France",48.856696899999996,2.3514616000000004
40,"Le Havre, France",49.493897499999996,0.10797319999999999
41,"Newbury, United Kingdom",51.4020055,-1.3236424999999998
42,"Birmingham, United Kingdom",52.479699200000006,-1.9026911
43,"Warrington, United Kingdom",53.389949699999995,-2.5943178
44,"Preston, United Kingdom",53.7593363,-2.6992717
45,"Penrith, United Kingdom",54.68613645,-2.756940668280912
46,"Carlisle, United Kingdom",54.8948478,-2.9362311
47,"Gretna, United Kingdom",54.99530970000001,-3.0669404
48,"Glasgow, United Kingdom",55.8609825,-4.248878700000001
49,"Greenock, United Kingdom",55.947342299999995,-4.7564721
50,"Southampton, United Kingdom",50.9025349,-1.404189
51,"Trondheim, Norway",63.4305658,10.3951929
52,"Karasjok, Norway",69.47207409999999,25.518328600000004
53,"Olderfjord, Norway",70.4748985,25.064997
54,"Narvik, Norway",68.28988385,17.086538711321808
55,"Lillehammer, Norway",61.13334079999999,10.426585544131413
56,"Malmö, Sweden",55.6052931,13.000156599999999
57,"Göteborg, Sweden",57.7072326,11.9670171
58,"Trelleborg, Sweden",55.375919999999994,13.1461522
59,"Oslo, Norway",59.913330099999996,10.7389701
60,"Halmstad, Sweden",56.6739826,12.857482699999998
61,"Pau, France",43.2957547,-0.36856679999999997
62,"Jaça, Spain",42.5692515,-0.549372
63,"Huesca, Spain",42.13606145,-0.02980266271916548
64,"Tromsø, Norway",69.649208,18.9543434
65,"Nordkjosbotn, Norway",69.2186366,19.558028600000004
66,"Kilpisjärvi, Finland",69.0454638,20.8004
67,"Skibotn, Norway",69.3912822,20.2678866
68,"Limoges, France",45.83542429999999,1.2644847
69,"Toulouse, France",43.6044622,1.4442469
70,"Å, Norway",67.8803708,12.982299900000001
71,"Kiruna, Sweden",67.85507240000001,20.2255482
72,"Montluçon, France",46.3399276,2.6067229
73,"Clermont-Ferrand, France",45.777455100000005,3.0819427000000004
74,"Vierzon, France",47.2217489,2.0691421
75,"Tampere, Finland",61.498021400000006,23.7603118
76,"Mo i Rana, Norway",66.31109690000001,14.1386991
77,"Vaasa, Finland",63.08182095,21.479812522296804
78,"Northampton, United Kingdom",52.23433665,-0.9028072768185827
79,"Leicester, United Kingdom",52.636139799999995,-1.1330788999999999
80,"Nottingham, United Kingdom",52.9534193,-1.1496461
81,"Sheffield, United Kingdom",53.38066260000001,-1.4702278
82,"Doncaster, United Kingdom",53.5227681,-1.1335312
83,"Ostersund, Sweden",63.1793655,14.635706099999998
84,"Storlien, Sweden",63.316072,12.0997791
85,"London, United Kingdom",51.5073219,-0.1276474
86,"Folkestone, United Kingdom",51.079133500000005,1.1794073
87,"Calais, France",50.9524769,1.8538446
88,"Castellón de la Plana, Spain",40.0040266,-0.0633535745122635
89,"Lyon, France",45.75781370000001,4.8320114
90,"Orange, France",44.1371311,4.8078783
91,"Narbonne, France",43.1837661,3.0042120999999997
92,"Scotch Corner, United Kingdom",54.22554745,-1.1913737360043632
93,"Murcia, Spain",37.9923795,-1.1305431000000001
94,"Alicante, Spain",38.3436365,-0.48817079999999996
95,"Gerona, Spain",41.9793006,2.8199438999999997
96,"Barcelona, Spain",41.3828939,2.1774322
97,"Tarragona, Spain",41.1172364,1.2546057
98,"Valencia, Spain",39.4697065,-0.3763353
99,"Newcastle upon Tyne, United Kingdom",54.97384739999999,-1.6131572
100,"Dover, United Kingdom",51.125127500000005,1.3134228000000001
101,"Perth, United Kingdom",56.3957679,-3.4335462999999997
102,"Edinburgh, United Kingdom",55.9533456,-3.1883749
103,"Inverness, United Kingdom",57.479012399999995,-4.225739
104,"Fagernes, Norway",60.9862581,9.2363406
105,"Bergen, Norway",60.39430550000001,5.3259192
106,"Londonderry, United Kingdom",54.997867799999995,-7.3213056
107,"Reims, France",49.2577886,4.031926
108,"Cambrai, France",50.1759602,3.2356613
109,"Kortrijk, Belgium",50.8276429,3.2659884
110,"Gent, Belgium",51.0538286,3.7250121
111,"Antwerpen, Belgium",51.2211097,4.3997081
112,"Vaalimaa, Finland",60.598218,27.812476699999998
113,"Stranraer, United Kingdom",54.90443320000001,-5.026204
114,"Kristiansand, Norway",58.14615,7.9957332999999995
115,"Örebro, Sweden",59.274728700000004,15.215118099999998
116,"Arboga, Sweden",59.394187,15.8396643
117,"Västeras, Sweden",59.611099200000005,16.5463679
118,"Kapellskär, Sweden",59.7203711,19.060775800000002
119,"Mariehamn, Finland",60.102422999999995,19.94126
120,"Naantali, Finland",60.4688687,22.029114899999996
121,"Turku, Finland",60.4517531,22.2670522
122,"Helsinki, Finland",60.16748810000001,24.9427473
123,"Craigavon, United Kingdom",54.4507201,-6.3921622000000005
124,"Valenciennes, France",50.3579317,3.5234845999999997
125,"Mons, Belgium",50.4549568,3.9519580000000003
126,"Bruxelles, Belgium",50.8436709,4.3674366933879565
127,"Breda, Netherlands",51.588784499999996,4.7760237000000005
128,"Rotterdam, Netherlands",51.9228934,4.463178599999999
129,"Den Haag, Netherlands",52.0799838,4.3113461
130,"Amsterdam, Netherlands",52.3727598,4.8936041
131,"Kolding, Denmark",55.4894999,9.47905
132,"Leeds, United Kingdom",53.797418500000006,-1.5437941000000002
133,"Kingston upon Hull, United Kingdom",53.74357220000001,-0.3394758
134,"Esbjerg, Denmark",55.4664892,8.452075099999998
135,"Tallinn, Estonia",59.4372155,24.745368799999998
136,"Eskilstuna, Sweden",59.37173789999999,16.505147400000002
137,"København, Denmark",55.6867243,12.5700724
138,"Køge, Denmark",55.456500899999995,12.181896400000001
139,"Korsør, Denmark",55.3266045,11.142587599999999
140,"Nyborg, Denmark",55.3098281,10.7976604
141,"Middelfart, Denmark",55.4470245,9.93699440734142
142,"Bradford, United Kingdom",53.794422899999994,-1.7519186000000002
143,"Liverpool, United Kingdom",53.40719910000001,-2.99168
144,"Portlaoise, Ireland",53.0340093,-7.3000591
145,"Limerick, Ireland",52.661252000000005,-8.630123900000001
146,"Shannon, Ireland",52.710454399999996,-8.8788366
147,"Manchester, United Kingdom",53.479489199999996,-2.2451147999999996
148,"Nancy, France",48.6937223,6.1834097
149,"Metz, France",49.119696399999995,6.176355200000001
150,"Dijon, France",47.321580600000004,5.0414701
151,"Immingham, United Kingdom",53.612277,-0.21114715377789664
152,"Groningen, Netherlands",53.2190652,6.568007700000001
153,"Bremen, Germany",53.0758196,8.8071646
154,"Hamburg, Germany",53.550341,10.000653999999999
155,"Lübeck, Germany",53.866443999999994,10.684738000000001
156,"Rostock, Germany",54.09244449999999,12.1286127
157,"Stralsund, Germany",54.3096314,13.082084599999998
158,"Saßnitz, Germany",54.516728,13.644119
159,"Kalmar, Sweden",57.02784235,16.575243899947836
160,"Oldenburg, Germany",53.138975300000006,8.214601700000001
161,"Chester, United Kingdom",53.1908873,-2.8908955
162,"Holyhead, United Kingdom",53.3106715,-4.633096599999999
163,"Vallorbe, Switzerland",46.712049799999996,6.379010500000001
164,"Besançon, France",47.2380222,6.0243622000000006
165,"Cambridge, United Kingdom",52.2034823,0.1235817
166,"Gouda, Netherlands",52.018119350000006,4.711122134697802
167,"Utrecht, Netherlands",52.08098560000001,5.12768396945229
168,"'s-Hertogenbosch, Netherlands",51.6889351,5.3031044000000005
169,"Eindhoven, Netherlands",51.4392648,5.478633
170,"Maastricht, Netherlands",50.8512438,5.6909768
171,"Liège, Belgium",50.6451381,5.5734203
172,"Bastogne, Belgium",50.002310200000004,5.7173386
173,"Alessandria, Italy",44.83495335,8.745030418605868
174,"Arlon, Belgium",49.683460100000005,5.8167710999999995
175,"Aosta, Italy",45.7370885,7.3196649
176,"Mont-Blanc, France",46.0926274,5.0775307000000005
177,"Genève, Switzerland",46.2017559,6.146601400000001
178,"Lausanne, Switzerland",46.5218269,6.6327025
179,"Bern, Switzerland",46.9482713,7.4514512
180,"Olten, Switzerland",47.3496571,7.9037869999999995
181,"Basel, Switzerland",47.55810770000001,7.5878261
182,"Mulhouse, France",47.7467,7.3389275
183,"Strasbourg, France",48.584614,7.750712700000001
184,"Saint-Avold, France",49.104339700000004,6.7071754
185,"Luxembourg, Luxembourg",49.6112768,6.129799
186,"Ivrea, Italy",45.4673791,7.874797
187,"Vercelli, Italy",45.55538265,8.346283678327271
188,"Hoek van Holland, Netherlands",51.9771615,4.131452599999999
189,"Belfort, France",47.6379599,6.8628941999999995
190,"Martigny, Switzerland",46.103115,7.072735400000001
191,"Grand-Saint-Bernard, Switzerland",46.1135769,7.0886954
192,"Koszalin, Poland",54.20727105,16.217530768271565
193,"Goleniów, Poland",53.5656704,14.8300626
194,"Berlin, Germany",52.517036499999996,13.388859900000002
195,"Szczecin, Poland",53.4301818,14.550962300000002
196,"Köln, Germany",50.938361,6.959974000000001
197,"Saarbrücken, Germany",49.234362,6.996378999999999
198,"Bristol, United Kingdom",51.453802200000005,-2.5972985
199,"Newport, United Kingdom",51.588233200000005,-2.9974967
200,"Cardiff, United Kingdom",51.481654600000006,-3.1791934
201,"Cork, Ireland",51.897077,-8.4654674
202,"Penza, Russian Federation",53.200001,45.0
203,"Colchester, United Kingdom",51.8896903,0.8994651
204,"Waterford, Ireland",52.260999700000006,-7.111908099999999
205,"Swansea, United Kingdom",51.6195955,-3.9459248
206,"Fishguard, United Kingdom",51.99383529999999,-4.9768099999999995
207,"Poznań, Poland",52.400663200000004,16.919732591780882
208,"Rjazan, Russian Federation",54.670252299999994,39.688442362319954
209,"Moskva, Russian Federation",55.7504461,37.6174943
210,"Smolensk, Russian Federation",54.77897005,32.04718121915615
211,"Minsk, Belarus",53.902333999999996,27.561879100000002
212,"Brėst, Belarus",52.093751,23.6851851
213,"Warszawa, Poland",52.2319581,21.0067249
214,"Łowicz, Poland",52.101225899999996,19.947462372687102
215,"Świebodzin, Poland",52.2498357,15.5324973
216,"Felixstowe, United Kingdom",51.96522105,1.3463637835284847
217,"Braunschweig, Germany",52.26465770000001,10.523606599999999
218,"Hannover, Germany",52.374477899999995,9.738553199999998
219,"Bad Oeynhausen, Germany",52.2014399,8.7981244
220,"Osnabrück, Germany",52.271959499999994,8.047635000000001
221,"Oldenzaal, Netherlands",52.30853685,6.914603743122237
222,"Amersfoort, Netherlands",52.1637739,5.3965879493517015
223,"Magdeburg, Germany",52.1315889,11.6399609
224,"Ipswich, United Kingdom",52.0579495,1.1526345
225,"Gorinchem, Netherlands",51.842187200000005,4.974600467260093
226,"Nijmegen, Netherlands",51.84257485000001,5.838960628748229
227,"Krefeld, Germany",51.3331205,6.562334299999999
228,"Goch, Germany",51.6755765,6.1593045
229,"Bingen, Germany",48.1105902,9.274363800000001
230,"Koblenz, Germany",50.3533278,7.5943951
231,"Parma, Italy",44.801367799999994,10.328083300000001
232,"Zeebrugge, Belgium",51.3312211,3.207561
233,"Venlo, Netherlands",51.39244885,6.151172414412296
234,"Oberhausen, Germany",51.469613700000004,6.851443499999999
235,"Dortmund, Germany",51.5142273,7.4652789
236,"Lugano, Switzerland",46.0050102,8.9520281
237,"Chiasso, Switzerland",45.8355209,9.0290169
238,"Como, Italy",45.93947590000001,9.149410145408947
239,"Modena, Italy",44.538472799999994,10.93596087053074
240,"Piacenza, Italy",44.8476352,9.666531257696898
241,"Bellinzona, Switzerland",46.1920538,9.0205888
242,"Firenze, Italy",43.769871200000004,11.2555757
243,"Arezzo, Italy",43.51720195,11.763879181253117
244,"Milano, Italy",45.4668,9.1905
245,"San Gottardo, Switzerland",46.9495652,7.4435612
246,"Offenburg, Germany",48.471655600000005,7.9443779999999995
247,"Luzern, Switzerland",47.0505452,8.3054682
248,"Karlsruhe, Germany",49.006870500000005,8.4034195
249,"Frankfurt am Main, Germany",50.1106444,8.682091699999999
250,"Emmerich, Germany",51.832213700000004,6.242828299999999
251,"Altdorf, Switzerland",46.8820732,8.641392199999999
252,"Heidelberg, Germany",49.40935820000001,8.694724
253,"Arnhem, Netherlands",51.984257,5.9108573
254,"Lübbenau, Germany",51.8680114,13.9689477
255,"Cottbus, Germany",51.756744700000006,14.335730700000001
256,"Stavanger, Norway",59.1020129,5.712611357275701
257,"Ålesund, Norway",62.4711397,6.1551776
258,"Hirtshals, Denmark",57.590803099999995,9.9649737
259,"Hjørring, Denmark",57.45718299999999,9.985599800000001
260,"Nørresundby, Denmark",57.060725100000006,9.9241319
261,"Aachen, Germany",50.776351,6.083862
262,"Oostende, Belgium",51.2258565,2.919496
263,"Charkov, Ukraine",49.82995820000001,36.37889570000001
264,"Dresden, Germany",51.0493286,13.7381437
265,"Opole, Poland",50.67879290000001,17.92988443603352
266,"Przemyśl, Poland",49.78355525,22.78851130307014
267,"Kraków, Poland",50.0469432,19.997153435836694
268,"Olpe, Germany",51.02976029999999,7.8424192999999995
269,"Kiev, Ukraine",50.4500336,30.524136100000003
270,"Gießen, Germany",50.5862066,8.6742306
271,"Bad Hersfeld, Germany",50.8681341,9.7068481
272,"Herleshausen, Germany",51.0072048,10.167138699999999
273,"Eisenach, Germany",50.9747134,10.3193565
274,"Erfurt, Germany",50.9777974,11.0287364
275,"Gera, Germany",50.877230100000006,12.0796208
276,"Chemnitz, Germany",50.83226079999999,12.9252977
277,"Gliwice, Poland",50.30113145,18.662347227971974
278,"Wrocław, Poland",51.126310600000004,16.97819633051261
279,"Rovno, Ukraine",50.6196175,26.251316499999998
280,"Legnica, Poland",51.20476890000001,16.174675034638256
281,"Görlitz, Germany",51.1563185,14.991017999999999
282,"Žitomir, Ukraine",50.2678904,28.699749
283,"L'vov, Ukraine",49.841952,24.0315921
284,"Zürich, Switzerland",47.3744489,8.5410422
285,"Winterthur, Switzerland",47.4991723,8.7291498
286,"Schaffhausen, Switzerland",47.6960491,8.634513
287,"Stuttgart, Germany",48.778448499999996,9.1800132
288,"Würzburg, Germany",49.79245,9.932966
289,"Aschaffenburg, Germany",49.974054200000005,9.1493636
290,"Wiesbaden, Germany",50.082038399999995,8.2416556
291,"Wittlich, Germany",49.98503529999999,6.888439999999999
292,"Sankt-Vith, Belgium",50.280388099999996,6.1258953
293,"Namur, Belgium",50.4665284,4.8661892
294,"Charleroi, Belgium",50.4120332,4.443624400000001
295,"Lille, France",50.636565399999995,3.0635282000000004
296,"Dunkerque, France",51.0347708,2.3772525
297,"Ulm, Germany",48.397400299999994,9.9934336
298,"Chur, Switzerland",46.854746999999996,9.5264904
299,"San Bernardino, Switzerland",46.4958739,9.1706046
300,"Lindau, Germany",47.550753,9.692662400000001
301,"Buchs, Switzerland",47.458087,8.4378662
302,"Bregenz, Austria",47.5025779,9.7472924
303,"Sankt Margrethen, Switzerland",47.4510277,9.641024900000001
304,"Amiens, France",49.8941708,2.2956951
305,"Charleville-Mézières, France",49.773571200000006,4.7206939000000006
306,"Trier, Germany",49.7596208,6.6441878
307,"Sicignano degli Alburni, Italy",40.5810419,15.300396408040795
308,"Cosenza, Italy",39.5966853,16.333055599019605
309,"Villa San Giovanni, Italy",38.2201116,15.6373809
310,"Messina, Italy",38.1937571,15.5542082
311,"Catánia, Italy",37.5022355,15.08738
312,"Siracusa, Italy",37.0646139,15.2907196
313,"Flensburg, Germany",54.78330210000001,9.4333264
314,"Vejle, Denmark",55.700005700000006,9.533323800000002
315,"Salerno, Italy",40.41944165,15.310756230322482
316,"Ålborg, Denmark",57.046262600000006,9.9215263
317,"Frederikshavn, Denmark",57.441213399999995,10.5336225
318,"Frøslev, Denmark",56.8028447,8.7330983
319,"Napoli, Italy",40.835933600000004,14.2487826
320,"Fiano Romana, Italy",44.4866354,11.340164900000001
321,"Göttingen, Germany",51.5328328,9.9351811
322,"Kassel, Germany",51.3154546,9.492409599999998
323,"Fulda, Germany",50.5542328,9.677044800000001
324,"Nürnberg, Germany",49.453872,11.077297999999999
325,"San Cesareo, Italy",41.819196000000005,12.8003335
326,"Rosenheim, Germany",47.853927299999995,12.127262
327,"Wörgl, Austria",47.48033265,12.07928067668956
328,"Innsbruck, Austria",47.265429600000004,11.392768499999999
329,"München, Germany",48.1371079,11.575382199999998
330,"Passo di Brennero, Italy",46.9620652,11.51496
331,"Perugia, Italy",43.1070321,12.402996209906487
332,"Cesena, Italy",44.136352,12.2422442
333,"Bologna, Italy",44.4937577,11.343030800000001
334,"Brennerpaß, Austria",47.007399299999996,11.5066996
335,"Verona, Italy",45.4384958,10.992412199999999
336,"Trento, Italy",46.0664228,11.125760099999999
337,"Bolzano, Italy",46.65594215,11.229637264169462
338,"Århus, Denmark",56.14962779999999,10.2134046
339,"Fortezza, Italy",46.7868474,11.61245
340,"Rouen, France",49.4404591,1.0939658
341,"Caen, France",49.1813403,-0.3635615
342,"Farø, Denmark",54.95007595,11.990187202288265
343,"Helsingør, Denmark",56.034873899999994,12.6130073
344,"Vordingborg, Denmark",55.01025179999999,11.9097478
345,"Rødby, Denmark",54.694063899999996,11.3902205
346,"Cheb, Czechia",50.0793511,12.3703526
347,"Schweinfurt, Germany",50.049994500000004,10.233302
348,"Bayreuth, Germany",49.942720200000004,11.5763079
349,"Marktredwitz, Germany",50.0009915,12.085643300000001
350,"Karlovy Vary, Czechia",50.2304694,12.8710769
351,"Halámky, Czechia",48.8531369,14.9151247
352,"Halle, Germany",51.4825041,11.970545199999998
353,"Třeboň, Czechia",49.0037313,14.770505400000001
354,"České Budějovice, Czechia",48.974735700000004,14.474285
355,"Plzeň, Czechia",49.7477415,13.377524900000001
356,"Schönberg, Germany",50.5443674,7.934802799999999
357,"Plauen, Germany",50.495063200000004,12.1346523
358,"Vojtanov, Czechia",50.1683441,12.3173625
359,"Trencin, Slovakia",48.8923583,18.039371499999998
360,"Vyšné Nemecké, Slovakia",48.6593683,22.263209600000003
361,"Košice, Slovakia",48.7172272,21.249677399999996
362,"Prešov, Slovakia",48.997572399999996,21.2401811
363,"Brno, Czechia",49.1922443,16.6113382
364,"Jihlava, Czechia",49.396064,15.5903065
365,"Praha, Czechia",50.05962879999999,14.446459273258009
366,"Užgorod, Ukraine",48.62235020000001,22.3021255
367,"Rozvadov, Czechia",49.65354095,12.563823585623169
368,"Heilbronn, Germany",49.142291,9.218655
369,"Mannheim, Germany",49.48929129999999,8.4673098
370,"Brest, France",48.3905283,-4.4860088
371,"Le Mans, France",48.0073849,0.19678489999999998
372,"Leipzig, Germany",51.3406321,12.3747329
373,"Hirschberg, Germany",50.3781716,7.9223612999999995
374,"Hof, Germany",50.3219015,11.917880699999998
375,"Appenweier, Germany",48.53871710000001,7.980266599999999
376,"Bayerisch Eisenstein, Germany",49.1222843,13.203194400000001
377,"Deggendorf, Germany",48.833353499999994,12.96205
378,"Waldshut, Germany",47.6246179,8.2120605
379,"Chaumont, France",48.111132399999995,5.1395849
380,"Préveza, Greece",38.9589226,20.7496811
381,"Río, Greece",38.3018989,21.782579000000002
382,"Pátra, Greece",38.246241999999995,21.735084699999998
383,"Pírgos, Greece",37.6711849,21.4422805
384,"Igoumenítsa, Greece",39.5045294,20.2650921
385,"Brindisi, Italy",40.6362271,17.688500723698695
386,"Bari, Italy",41.1257843,16.8620293
387,"Canosa di Puglia, Italy",41.219631,16.067466
388,"Pescara, Italy",42.3102619,13.95759010584892
389,"Ancona, Italy",43.4801204,13.218790609151766
390,"Rimini, Italy",43.9470982,12.630768610516007
391,"Ravenna, Italy",44.3640607,12.059009490863945
392,"Venézia-Mestre, Italy",45.482462,12.231701600000001
393,"Palmanova, Italy",45.9054635,13.3099318
394,"Udine, Italy",46.0634632,13.235837699999998
395,"Tarvisio, Italy",46.5052624,13.5783734
396,"Fano, Italy",43.842417299999994,13.0146632
397,"Salzburg, Austria",47.798134600000004,13.046480599999999
398,"Villach, Austria",46.6167284,13.850026800000002
399,"Mesolóngi, Greece",38.368635299999994,21.4283544
400,"Gedser, Denmark",54.57613795,11.93221627251935
401,"Nykøbing Falster, Denmark",54.7646137,11.8709918
402,"Teplice, Czechia",50.6406644,13.824446100000001
403,"Tábor, Czechia",49.41164620000001,14.671067073598662
404,"Dolní Dvořiště, Czechia",48.6572723,14.455049993262223
405,"Linz, Austria",48.3059078,14.286198
406,"Regensburg, Germany",49.0195333,12.0974869
407,"Passau, Germany",48.5748229,13.460974400000001
408,"Wels, Austria",48.1565472,14.024375199999998
409,"Maribor, Slovenia",46.5576439,15.6455854
410,"Graz, Austria",47.070867799999995,15.438278599999999
411,"Sattledt, Austria",48.0702992,14.058129199999998
412,"Liezen, Austria",47.5070965,14.212568375549035
413,"Sankt Michael in Obersteiermark, Austria",47.337864200000006,15.021098199999999
414,"Wien, Austria",48.2083537,16.372504199999998
415,"Spielfeld, Austria",46.7064901,15.6337629
416,"Györ, Hungary",47.687609,17.6346815
417,"Harsova, Romania",44.6893,27.9457
418,"Slobozia, Romania",44.5635999,27.361847700000002
419,"Sankt Gallen, Switzerland",47.4250593,9.376587800000001
420,"Imst, Austria",47.2759021,10.700690365218968
421,"Feldkirch, Austria",47.2375671,9.598172400000001
422,"Lauterach, Austria",47.47708660000001,9.7297721
423,"Bucureşti, Romania",44.4361414,26.1027202
424,"Budapest, Hungary",47.4979937,19.0403594
425,"Püspökladány, Hungary",47.319604299999995,21.1122524
426,"Oradea, Romania",47.054916299999995,21.928523100000003
427,"Cluj-Napoca, Romania",46.769379,23.589954199999998
428,"Turda, Romania",46.5649706,23.7798424
429,"Tîrgu Mureş, Romania",46.544624400000004,24.561194699999998
430,"Braşov, Romania",45.6523093,25.6102746
431,"Ploieşti, Romania",44.9417468,26.023650399999998
432,"Mosonmagyaróvár, Hungary",47.8731793,17.2722342
433,"Urziceni, Romania",44.717002,26.6324066
434,"Nickelsdorf, Austria",47.940301899999994,17.066176300000002
435,"Courtenay, France",45.7294097,5.379845400000001
436,"Beaune, France",47.0239064,4.8380426
437,"Karawanks Tunnel, Austria",46.5194,14.023
438,"Trieste, Italy",45.6504806,13.7931263
439,"Ljubljana, Slovenia",46.049980299999994,14.506860199999998
440,"Naklo, Slovenia",45.5940558,15.145544699999999
441,"Predor Karavanke, Slovenia",46.4497109,14.015502800000002
442,"Sion, Switzerland",46.23021515,7.3637051847832025
443,"Simplon, Switzerland",46.1955875,8.0563136
444,"Gravellona Toce, Italy",45.930175,8.431222
445,"Tortona, Italy",44.89666,8.8641282
446,"Mâcon, France",46.3036683,4.832226599999999
447,"Kemijärvi, Finland",66.7161179,27.433353399999998
448,"Sodankylä, Finland",67.41897159999999,26.5902179
449,"Kajaani, Finland",64.2240872,27.733422700000002
450,"Kuopio, Finland",62.8241424,27.594561484488977
451,"Jyväskylä, Finland",62.239300199999995,25.745951
452,"Kuusamo, Finland",65.9645637,29.1883283
453,"Torino, Italy",45.06775510000001,7.682489200000001
454,"Vévi, Greece",40.7674406,21.6163022
455,"Kozáni, Greece",40.300725899999996,21.788311899999997
456,"Kissámos, Greece",35.4933441,23.6594698
457,"Lárissa, Greece",39.6383092,22.4160706
458,"Domokós, Greece",39.1272636,22.301562899999997
459,"Lamía, Greece",38.9004584,22.434169100000002
460,"Brálos, Greece",38.7266328,22.461787
461,"Itéa, Greece",38.4334754,22.423932100000002
462,"Trípoli, Greece",37.5102911,22.3724241
463,"Korinthos, Greece",37.9386936,22.928044699999997
464,"Antirrio, Greece",38.331031,21.762919399999998
465,"Égio, Greece",38.250713899999994,22.085822399999998
466,"Kalámata, Greece",37.037758200000006,22.1109392
467,"Níki, Greece",40.909076500000005,21.4203692
468,"Skopje, North Macedonia",41.9960924,21.4316495
469,"Ohrid, North Macedonia",41.1170203,20.801738699999998
470,"Ystad, Sweden",55.432984899999994,13.8196555
471,"Świnoujście, Poland",53.909747700000004,14.2510703
472,"Wolin, Poland",53.9131743,14.520013888375962
473,"Jelenia Góra, Poland",50.8501049,15.653749235408073
474,"Harrachov, Czechia",50.77200870000001,15.431543099999999
475,"Zelezný Brod, Czechia",50.6430652,15.2539851
476,"Mladá Boleslav, Czechia",50.411618700000005,14.9031301
477,"Břeclav, Czechia",48.759400799999995,16.8813137
478,"Bratislava, Slovakia",48.1516988,17.1093063
479,"Rajka, Hungary",47.997068,17.1960871
480,"Csorna, Hungary",47.6134153,17.249795499999998
481,"Szombathely, Hungary",47.229118400000004,16.6187625
482,"Körmend, Hungary",47.012665500000004,16.6010475
483,"Nagykanizsa, Hungary",46.4548261,16.992392300000002
484,"Letenye, Hungary",46.433203999999996,16.7230843
485,"Zagreb, Croatia",45.8131847,15.9771774
486,"Karlovac, Croatia",45.4892522,15.548630300000001
487,"Rijeka, Croatia",45.330217299999994,14.430318137660425
488,"Split, Croatia",43.511638299999994,16.4399659
489,"Metković, Croatia",43.0536158,17.651963100000003
490,"Kicevo, North Macedonia",41.5089037,20.9585155
491,"Bitola, North Macedonia",41.0319586,21.3308466
492,"Turnov, Czechia",50.5872282,15.150259702715724
493,"Zalaegerszeg, Hungary",46.8415803,16.8456316
494,"Podgorica, Montenegro",42.4415238,19.2621081
495,"Petrovac, Montenegro",42.20683579999999,18.942824800000004
496,"Dubrovnik, Croatia",42.6502473,18.0924947
497,"Bijelo Polje, Montenegro",43.034159499999994,19.7473559
498,"Spittal an der Drau, Austria",46.7982211,13.496330800000003
499,"Klagenfurt, Austria",46.6228162,14.307960399999999
500,"Veszprém, Hungary",47.092805799999994,17.9140147
501,"San Candido, Italy",46.7328719,12.279167300000001
502,"Bĕloves, Czechia",50.424267799999996,16.1867615
503,"Riga, Latvia",56.949397700000006,24.1051846
504,"Panevėžys, Lithuania",55.7344985,24.357805499999998
505,"Kaunas, Lithuania",54.898213899999995,23.904481699999998
506,"Piotrków Trybunalski, Poland",51.41284140000001,19.688801329018947
507,"Kłodzko, Poland",50.43371175,16.642246491692106
508,"Náchod, Czechia",50.41472735,16.166904528325247
509,"Hradec Králové, Czechia",50.20921129999999,15.832751199999999
510,"Sibiu, Romania",45.7973912,24.1519202
511,"Deva, Romania",45.8817402,22.9008611
512,"Szeged, Hungary",46.254631200000006,20.1486016
513,"Arad, Romania",46.175379299999996,21.3196342
514,"Nordkapp, Norway",71.16995059999999,25.7858893
515,"Chambéry, France",45.5662672,5.9203636
516,"Samsun, Turkey",41.2892334,36.328565000000005
517,"Bilbao, Spain",43.2630018,-2.9350039
518,"Oviedo, Spain",43.3605977,-5.8448989000000005
519,"Varna, Bulgaria",43.20738729999999,27.9166653
520,"Susa, Italy",45.1372115,7.053978900000001
521,"Ordu, Turkey",40.8292569,37.4082764
522,"Giresun, Turkey",40.9146927,38.388556799999996
523,"Beograd, Serbia",44.8178131,20.4568974
524,"Vrsac, Serbia",43.441166700000004,19.7699167
525,"Šumen, Bulgaria",43.2703797,26.924736199999998
526,"Razgrad, Bulgaria",43.5258211,26.5230603
527,"Ruse, Bulgaria",43.84804129999999,25.9542057
528,"Giurgiu, Romania",43.895905799999994,25.9658111
529,"Piteşti, Romania",44.8572343,24.8719422
530,"Drobeta-Turnu Severin, Romania",44.625783500000004,22.6531975
531,"Craiova, Romania",44.3190159,23.796561399999998
532,"Brescia, Italy",45.77958045,10.4258729694612
533,"Caransebeş, Romania",45.41061079999999,22.2182232
534,"Đakovo, Croatia",45.3080745,18.411637600000002
535,"Timişoara, Romania",45.7538355,21.2257474
536,"Miskolc, Hungary",48.1030643,20.790042899999996
537,"Balatonaliga, Hungary",46.990573100000006,18.1721485
538,"Bihać, Bosnia and Herzegovina",44.8146409,15.869086300000001
539,"Knin, Croatia",44.04085,16.199433
540,"Mostar, Bosnia and Herzegovina",43.3424943,17.807510399999998
541,"Szekszárd, Hungary",46.348488399999994,18.701663
542,"Bosanski Samac, Bosnia and Herzegovina",45.06053060000001,18.4684585
543,"Zenica, Bosnia and Herzegovina",44.2010759,17.9055721
544,"Mohács, Hungary",45.9933836,18.6821079
545,"Osijek, Croatia",45.554871899999995,18.695371899999998
546,"Cuneo, Italy",44.45807035,7.558136691151624
547,"Asti, Italy",44.82601265,8.202686328987273
548,"Nice, France",43.700935799999996,7.2683912
549,"Krośniewice, Poland",52.256063899999994,19.1689326
550,"Świecie, Poland",53.40725179999999,18.4455253
551,"Gdańsk, Poland",54.36143405,18.628218475572737
552,"Łódź, Poland",51.768732299999996,19.456991100000003
553,"Katowice, Poland",50.2137321,19.00588775660632
554,"Česky Tĕšin, Czechia",49.7464018,18.6260976
555,"Žilina, Slovakia",49.2234674,18.7393139
556,"Athína, Greece",37.983941200000004,23.7283052
557,"Chaniá, Greece",35.5120831,24.019154399999998
558,"Lahti, Finland",60.9826014,25.661376399999998
559,"Vardø, Norway",70.33081740000002,30.96175197226589
560,"Kemi, Finland",65.7333404,24.5666495
561,"Gevgelija, North Macedonia",41.1388664,22.503319199999996
562,"Évzoni, Greece",41.1041437,22.5573235
563,"Thessaloníki, Greece",40.6403167,22.9352716
564,"Oulu, Finland",65.0118734,25.4716809
565,"Almirós, Greece",39.1807614,22.760979199999998
566,"Kumanovo, North Macedonia",42.135945899999996,21.7177635
567,"Niš, Serbia",43.321130100000005,21.8959232
568,"Ágios Nikólaos, Greece",35.1905899,25.7175216
569,"Ivalo, Finland",68.65881850000001,27.5348114
570,"Rovaniemi, Finland",66.4976214,25.7192101
571,"Iráklio, Greece",35.3400127,25.1343475
572,"Migliarino, Italy",44.769878000000006,11.933721
573,"Elblag, Poland",54.1988997,19.44108568736702
574,"Ružomberok, Slovakia",49.0815718,19.3034168
575,"Trstená, Slovakia",49.35931970000001,19.607809399999997
576,"Radom, Poland",51.41716055,21.160944780832747
577,"Zvolen, Slovakia",48.5782517,19.124713500000002
578,"Grosseto, Italy",42.7751102,11.287804427628435
579,"Sansepolcro, Italy",43.570077600000005,12.1403766
580,"Calafat, Romania",43.9942983,22.9337027
581,"Tirgu Jiu, Romania",45.04229470000001,23.272811800000003
582,"Vidin, Bulgaria",43.801283500000004,22.69806613602505
583,"Beius, Romania",46.666753299999996,22.3527085
584,"Vraca, Bulgaria",43.2028209,23.548026999999998
585,"Petroşani, Romania",45.4143907,23.374090399999996
586,"Sofia, Bulgaria",42.697863399999996,23.322178899999997
587,"Blagoevgrad, Bulgaria",41.7502235,23.487047631287865
588,"Séres, Greece",41.0910711,23.549803100000002
589,"Botevgrad, Bulgaria",42.9078544,23.7929451
590,"Dimitrovgrad, Serbia",43.0157433,22.7781993
591,"Adapazari, Turkey",40.784799,30.3996833
592,"Izmit, Turkey",40.7637791,29.930350399999995
593,"Istanbul, Turkey",41.0096334,28.9651646
594,"Silivri, Turkey",41.19775425,28.19606022962575
595,"Edirne, Turkey",41.675932700000004,26.5587225
596,"Svilengrad, Bulgaria",41.7689145,26.201814000000002
597,"Plovdiv, Bulgaria",42.1418541,24.7499297
598,"Babaeski, Turkey",41.4385748,27.07289600409452
599,"Bolu, Turkey",40.6212099,31.646025899999998
600,"Gerede, Turkey",40.7987548,32.2009075
601,"Ilgaz, Turkey",40.93695835,33.58645234296293
602,"Amasya, Turkey",40.65032479999999,35.8329148
603,"Niksar, Turkey",40.56118005,36.866044071059044
604,"Refahiye, Turkey",39.8869695,38.763942742968176
605,"Erzincan, Turkey",39.749605200000005,39.4941023
606,"Askale, Turkey",39.921724700000006,40.6943124
607,"Erzurum, Turkey",39.906321500000004,41.2727638
608,"Ağri, Turkey",39.52916,43.3835645
609,"Priština, Kosovo",42.6638771,21.1640849
610,"Roma, Italy",41.8933203,12.4829321
611,"Livorno, Italy",42.79021905,10.340281392353766
612,"Santarem, Portugal",39.236363700000005,-8.686708099999999
613,"Leiria, Portugal",39.7437902,-8.8071119
614,"Viseu, Portugal",40.6574713,-7.913866400000001
615,"Guarda, Portugal",40.70458035,-7.195120796863067
616,"Vilar Formoso, Portugal",40.6083718,-6.833474000000001
617,"Gürbulak, Turkey",39.4181258,44.352677
618,"Salamanca, Spain",40.96515720000001,-5.6640182
619,"Nîmes, France",43.8374249,4.3600687
620,"Aix-en-Provence, France",43.5298424,5.4474738
621,"Ventimiglia, Italy",43.791762299999995,7.603313099999999
622,"Genova, Italy",44.40726,8.9338624
623,"La Spezia, Italy",44.23836595,9.691232634547537
624,"Zalau, Romania",47.1819416,23.0562143
625,"Satu Mare, Romania",47.7891763,22.8725598
626,"Halmeu, Romania",47.978995700000006,23.013650199999997
627,"Sebeş, Romania",45.959105799999996,23.5699265
628,"Vila Real, Portugal",41.522871200000004,-7.5465333355894675
629,"Zamora, Spain",41.6857693,-5.942315018340977
630,"Bragança, Portugal",41.5084468,-6.773302360533067
631,"Bjala, Bulgaria",42.91379310000001,27.895013899999995
632,"Pleven, Bulgaria",43.409022,24.618012300000004
633,"Yablanitsa, Bulgaria",43.0323,24.0992
634,"Tekirdag, Turkey",41.1185843,27.4144196
635,"Keşan, Turkey",40.81725,26.61102992038501
636,"Luck, Ukraine",50.745073299999994,25.320078
637,"Chernivtsi, Ukraine",48.2921,25.9358
638,"Kastanies, Greece",41.6459174,26.474649100000004
639,"Didymoteicho, Greece",41.3476,26.4956
640,"Klaipéda, Lithuania",55.7127529,21.1350469
641,"Lida, Belarus",53.894951500000005,25.295719000000002
642,"Slonim, Belarus",53.0927071,25.319320899999997
643,"Vilnius, Lithuania",54.6870458,25.2829111
644,"Siret, Romania",47.9517661,26.0693866
645,"Orménio, Greece",41.720620000000004,26.2136263
646,"Haskovo, Bulgaria",41.763751899999995,25.925984569140287
647,"Stara Zagora, Bulgaria",42.4247421,25.6257235
648,"Veliko Tarnovo, Bulgaria",43.214637,25.60856685785473
649,"Kobrin, Belarus",52.208585799999994,24.3542923
650,"Buzău, Romania",45.26925815,26.7748172789942
651,"Mărăşeşti, Romania",45.874080799999994,27.218417100000003
652,"Bacău, Romania",46.42613415,26.71205400126924
653,"Roman, Romania",46.924875799999995,26.9281768
654,"Suceava, Romania",47.53265345,25.834593917414125
655,"Flórina, Greece",40.7794738,21.407611499999998
656,"Kristalopigí, Greece",40.6593,21.1295
657,"Malko Tarnovo, Bulgaria",41.9803021,27.5244404
658,"Acipayam, Turkey",37.33907015,29.413883676537704
659,"Denizli, Turkey",37.7733197,29.0869273
660,"Aydin, Turkey",37.8483767,27.8435878
661,"Selçuk, Turkey",37.947959600000004,27.3685349
662,"Izmir, Turkey",38.4147331,27.1434119
663,"Ayvalik, Turkey",39.3172602,26.6937351
664,"Çanakkale, Turkey",40.0549886,26.9278292
665,"Eceabat, Turkey",40.21251289999999,26.332347139140033
666,"Dereköy, Turkey",41.160126,26.7084727
667,"Tulcea, Romania",45.177518,28.8016348
668,"Constanta, Romania",44.1767161,28.6507598
669,"Kirklareli, Turkey",41.7078046,27.605133399999996
670,"Korkuteli, Turkey",37.0666523,30.197049699999997
671,"Gelibolu, Turkey",40.507145200000004,26.76692091432882
672,"Havza, Turkey",41.07337675,35.72761490584094
673,"Tsarevo, Bulgaria",42.1696,27.8454
674,"Burgas, Bulgaria",42.4466,27.206206892651192
675,"Ankara, Turkey",39.920789299999996,32.854041200000005
676,"Yozgat, Turkey",39.8205571,34.8094917
677,"Sivas, Turkey",39.4191717,37.1012388
678,"Kizilcahamam, Turkey",40.48126285,32.72638420437093
679,"Crotone, Italy",39.187389399999994,16.878281888953072
680,"Palermo, Italy",38.1112268,13.3524434
681,"Buonfornello, Italy",37.9731879,13.8236638
682,"Gazi Antep, Turkey",37.0614469,37.3684044
683,"Alexandroupolis, Greece",40.8457,25.874000000000002
684,"Alcamo, Italy",37.9766497,12.9626735
685,"Şanlıurfa, Turkey",37.1674,38.7955
686,"Mazara del Vallo, Italy",37.6537292,12.5886912
687,"Lérida, Spain",41.614760499999996,0.6267842
688,"Zaragoza, Spain",41.6521342,-0.8809428
689,"Badajoz, Spain",38.8780585,-6.970204799999999
690,"Caia, Portugal",39.241673799999994,-7.365883
691,"Évora, Portugal",38.5707742,-7.9092808
692,"Montijo, Portugal",38.74502535,-8.628858514902682
693,"Catanzaro, Italy",38.82996034999999,16.43155687627833
694,"Habur, Turkey",37.1156056,42.3538082
695,"Adana, Turkey",36.9863599,35.32528610000001
696,"Aksaray, Turkey",38.4326291,33.8976963
697,"Metaponto, Italy",40.3740777,16.810096100000003
698,"Reggio di Calabria, Italy",38.1035389,15.639755599999999
699,"Ioánnina, Greece",39.663981799999995,20.8522784
700,"Ipsala, Turkey",40.91799265,26.414881670438763
701,"Lapseki, Turkey",40.25712425,26.76912236965876
702,"Sibari, Italy",39.747816799999995,16.451350400000003
703,"Toprakkale, Turkey",37.05769779999999,36.13157507220149
704,"Nusaybin, Turkey",37.0691755,41.2164671
705,"Cizre, Turkey",37.3274814,42.1894609
706,"Bursa, Turkey",40.1827657,29.0677305
707,"Eskişehir, Turkey",39.6821156,31.072347600000004
708,"Sivrihisar, Turkey",39.38734315000001,31.470525927505218
709,"Taranto, Italy",40.5481973,17.08115495810598
710,"Yayladaği, Turkey",35.96815905,36.079932396708344
711,"Iskenderun, Turkey",36.6215136,36.26541810027814
712,"Topboğazi, Turkey",36.434368,36.301146700000004
713,"Antakya, Turkey",36.26465455,36.17626647398843
714,"Tríkala, Greece",39.556086900000004,21.7678844
715,"Sankt-Peterburg, Russian Federation",59.938731999999995,30.316228999999996
716,"Pskov, Russian Federation",57.817398,28.334367999999998
717,"Gomel', Belarus",52.4238936,31.013169800000004
718,"Odessa, Ukraine",46.4873195,30.7392776
719,"Usak, Turkey",38.609666,29.3306506
720,"Afyon, Turkey",38.6852729,30.642741100000002
721,"Krasnodar, Russian Federation",45.0352566,38.976481400000004
722,"Novorossijsk, Russian Federation",44.7239578,37.7690711
723,"Soči, Russian Federation",43.585482299999995,39.723109
724,"Batumi, Georgia",41.650950200000004,41.6360085
725,"Rostov-na-Donu, Russian Federation",47.22138579999999,39.7114196
726,"Trabzon, Turkey",41.0062202,39.7257547
727,"Gümüshane, Turkey",40.2061415,39.309437
728,"Kirikhan, Turkey",36.52132325,36.41428660781065
729,"Cilvegözü, Turkey",36.248396,36.638391299999995
730,"Reyhanli, Turkey",36.27599325,36.52362896980107
731,"Doğubayazit, Turkey",39.5482278,44.0804938
732,"Muradiye, Turkey",38.9865814,43.7591071
733,"Bitlis, Turkey",38.4950867,42.1678372
734,"Diyarbakir, Turkey",37.9167467,40.222775299999995
735,"Simferopol, Ukraine",44.9521457,34.1024858
736,"Oryol, Russian Federation",52.9668,36.0625
737,"Alushta, Ukraine",44.677112,34.4095393
738,"Murmansk, Russian Federation",68.970665,33.07497
739,"Petrozavodsk, Russian Federation",61.790039,34.390007000000004
740,"Kirkenes, Norway",69.7271478,30.044897100000004
741,"Stavropol, Russian Federation",45.0433245,41.9690934
742,"Machačkala, Russian Federation",42.9830241,47.5048717
743,"Baku, Azerbaijan",40.3754434,49.8326748
744,"Haugesund, Norway",59.4138214,5.2680735
745,"Haukeligrend, Norway",59.735955700000005,7.5578159
746,"Andalsnes, Norway",62.567809600000004,7.689180099999999
747,"Hoogeveen, Netherlands",52.726425799999994,6.493081488544671
748,"Haselünne, Germany",52.6718718,7.4830538
749,"Cloppenburg, Germany",52.846133900000005,8.0438783
750,"Bremerhaven, Germany",53.552226399999995,8.5865509
751,"Cuxhaven, Germany",53.58724195,8.88407915140169
752,"Neubrandenburg, Germany",53.557445799999996,13.260278099999999
753,"Ukmergé, Lithuania",55.247729299999996,24.759971399999998
754,"Palanga, Lithuania",55.922981799999995,21.0682657
755,"Siauliai, Lithuania",55.9340823,23.3157775
756,"Vlissingen, Netherlands",51.49433865,3.415005767601362
757,"Leuven, Belgium",50.879202,4.7011675
758,"Hasselt, Belgium",50.9303735,5.3378043
759,"Heerlen, Netherlands",50.8876735,5.9773285000000005
760,"Barwinek, Poland",51.1194713,19.6683406
761,"Rzeszów, Poland",50.013064,22.016143457294312
762,"Vyšný Komárnik, Slovakia",49.402004600000005,21.7047336
763,"Svidnik, Slovakia",49.308508200000006,21.5733508
764,"Lublin, Poland",51.2181945,22.55467756519268
765,"Kovel, Ukraine",51.21205379999999,24.708894
766,"Saint-Brieuc, France",48.5141134,-2.7603283
767,"Brugge, Belgium",51.208552600000004,3.226772
768,"Jabbeke, Belgium",51.1823049,3.0934604
769,"Longwy, France",49.514556400000004,5.7679082
770,"Nivelles, Belgium",50.597688500000004,4.323585400000001
771,"Tournai, Belgium",50.6056458,3.3878178999999995
772,"Olomouc, Czechia",49.5940567,17.251143
773,"Svitavy, Czechia",49.7562053,16.4688995
774,"Mukačevo, Ukraine",48.4421438,22.7185112
775,"Remiremont, France",48.0158951,6.591261500000001
776,"Memmingen, Germany",47.9867696,10.181319
777,"Garmisch-Partenkirchen, Germany",47.492374100000006,11.0962815
778,"Seefeld in Tirol, Austria",47.3289241,11.186718699999998
779,"Mittenwald, Germany",47.4429543,11.265568400000001
780,"Braunau am Inn, Austria",48.253136,13.039506
781,"Nyiregyháza, Hungary",47.9557802,21.7167982
782,"Čop, Ukraine",48.431095299999996,22.2096148
783,"Medved'ov, Slovakia",47.8000105,17.6607602
784,"Vámosszabadi, Hungary",47.7571,17.6508
785,"Dunajská Streda, Slovakia",47.9893751,17.6202595
786,"Bistriţa, Romania",47.13270120000001,24.4963949
787,"Dej, Romania",47.142667200000005,23.8759884
788,"Chişinău, Moldova, Republic of",47.027312200000004,28.82633975941325
789,"Leușeni, Moldova, Republic of",46.8209,28.1929
790,"Albiţa, Romania",46.797478600000005,28.145189600000002
791,"Tecuci, Romania",45.8457816,27.4290798
792,"Iaşi, Romania",47.161534100000004,27.5836142
793,"Niort, France",46.324113200000006,-0.46494030000000003
794,"La Rochelle, France",46.1591126,-1.1520434
795,"Saintes, France",45.746066299999995,-0.6300671
796,"Angoulème, France",45.651274799999996,0.1576745
797,"Digoin, France",46.481042200000005,3.9786290999999996
798,"Sankt Johann in Tirol, Austria",47.5224141,12.428680900000002
799,"Lofer, Austria",47.5866984,12.693419699999998
800,"Altenmarkt im Pongau, Austria",47.378358299999995,13.423371300000001
801,"Loibl Pass, Austria",48.215497,16.2765152
802,"Balatonkeresztúr, Hungary",46.6976457,17.3704438
803,"Okučani, Croatia",45.2602183,17.199752800000002
804,"Virovitica, Croatia",45.833183399999996,17.3853058
805,"Banja Luka, Bosnia and Herzegovina",44.7720845,17.1917651
806,"Jajce, Bosnia and Herzegovina",44.3395173,17.2705155
807,"Barcs, Hungary",45.960536600000005,17.463434200000002
808,"Donji Vakuf, Bosnia and Herzegovina",44.1446382,17.3984734
809,"Nagyatád, Hungary",46.229143,17.357096399999996
810,"Sombor, Serbia",45.7727397,19.114703600000002
811,"Subotica, Serbia",44.475,19.7733333
812,"Lugoj, Romania",45.6862542,21.9063162
813,"Valence, France",44.9332277,4.8920810999999995
814,"Pula, Croatia",44.8702281,13.845531099999999
815,"Sarajevo, Bosnia and Herzegovina",43.851977399999996,18.386686800000003
816,"Užice, Serbia",43.851709,19.84253282880318
817,"Čačak, Serbia",43.8892195,20.35212520894438
818,"Kraljevo, Serbia",43.574057,21.6982315
819,"Pojate, Serbia",43.742129999999996,21.455455999999998
820,"Kruševac, Serbia",43.5737058,21.33394535480681
821,"Paraćin, Serbia",43.8636301,21.409961499999998
822,"Nova Varos, Serbia",43.4597045,19.8154494
823,"Popovica, Serbia",45.2001,19.8323
824,"Chaves, Portugal",41.739945299999995,-7.471477
825,"Castelo Branco, Portugal",39.97675825,-7.446059929966704
826,"Portalegre, Portugal",39.207609700000006,-7.721496442801111
827,"Beja, Portugal",38.0154479,-7.8650368
828,"Merida, Spain",38.917466499999996,-6.3443977
829,"Logroño, Spain",42.4661196,-2.4396676
830,"Famalicão, Portugal",41.4065175,-8.5187481
831,"Abrantes, Portugal",39.4631905,-8.1973618
832,"Torres Novas, Portugal",39.479620000000004,-8.53955
833,"Avellino, Italy",40.9965446,15.140569036500402
834,"Benevento, Italy",41.247688399999994,14.705941329939769
835,"Spezzano Albanese, Italy",39.668801,16.310489999999998
836,"Potenza, Italy",40.518318799999996,15.820959990219949
837,"Sant'Eufemia Lamezia, Italy",38.9202313,16.252509699999997
838,Albania,41.000028,19.9999619
839,"Prizren, Kosovo",42.2130151,20.736333899999998
840,"Kjustendil, Bulgaria",42.2809956,22.6890196
841,"Jaén, Spain",37.9557275,-3.4920556120372184
842,"Granada, Spain",37.1734995,-3.5995337
843,"Enna, Italy",37.5667573,14.2807473
844,"Árta, Greece",39.161555,20.9858503
845,"Agrínio, Greece",38.6248275,21.4094206
846,"Aktio, Greece",38.9337857,20.7763304
847,"Vónitsa, Greece",38.9184883,20.8893237
848,"Amfilochía, Greece",38.863670899999995,21.1670386
849,"Karpenísi, Greece",38.91524329999999,21.7943495
850,"Spárti, Greece",37.0750742,22.4310282
851,"Elefsína, Greece",38.047608000000004,23.5348663
852,"Algeciras, Spain",36.1311725,-5.447399099999999
853,"Montpellier, France",43.6112422,3.8767337
854,"Sarreguemines, France",49.109483600000004,7.0708865
855,"Samara, Russian Federation",53.198627,50.113987
856,"Ludwigshafen, Germany",49.470411299999995,8.438156800000002
857,"Harwich, United Kingdom",51.9445801,1.2898522
858,"Gela, Italy",37.06643629999999,14.2502445
859,"Székesfehérvár, Hungary",47.1910169,18.410811
860,"Utsjoki, Finland",69.907601,27.025245799999997
861,"Sitía, Greece",35.20662479999999,26.1049708
862,Iran,32.6475314,54.56435160000001
863,"Savona, Italy",44.2334238,8.252572737021062
864,"Tordesillas, Spain",41.500851000000004,-5.00053
865,"Géfira, Greece",35.173657,24.467056799999998
866,"Antalya, Turkey",36.9009641,30.6954846
867,Iraq,33.0955793,44.174977500000004
868,Syria,34.6401861,39.0494106
869,"Vólos, Greece",39.3624833,22.940186399999998
870,"Merzifon, Turkey",40.84139625,35.45997940164021
871,"Jalta, Ukraine",44.4970713,34.1586871
872,"Drammen, Norway",59.743674899999995,10.204374900000001
873,"Dombås, Norway",62.074868200000004,9.1233739
874,"Walsrode, Germany",52.862539500000004,9.5883023
875,"Halle, Belgium",50.7360524,4.2374349
876,"Angers, France",47.473988399999996,-0.5515588
877,"Troyes, France",48.2971626,4.0746257
878,"Donaueschingen, Germany",47.953419399999994,8.495925699999999
879,"Füssen, Germany",47.57092120000001,10.6977089
880,"Humpolec, Czechia",49.541886100000006,15.3586709
881,"Žiar nad Hronom, Slovakia",48.591018299999995,18.8500892
882,"Sculeni, Romania",47.3152068,27.607024100000004
883,"Chalon-sur-Saône, France",46.7888997,4.8529605
884,"Pont-d'Ain, France",46.052,5.34554
885,"Grenoble, France",45.1875602,5.7357819
886,"Marseille, France",43.2961743,5.3699525
887,"Koper, Slovenia",45.5479551,13.730490900000001
888,"Zajĕcar, Serbia",43.9189433,22.268623946989845
889,"Verín, Spain",41.9406091,-7.440603200000001
890,"Ourique, Portugal",37.651112,-8.2237262
891,"Málaga, Spain",36.7213028,-4.421636599999999
892,"Trapani, Italy",38.0174321,12.515992
893,"Gíthio, Greece",36.75803855,22.554002796927623
894,"Thíva, Greece",38.3200705,23.3175613
